{"cameraMode":{"drawMode":0,"name":"Shaded","section":"Shading Mode"},"sceneLighting":false,"audioPlay":false,"sceneViewState":{"m_AlwaysRefresh":false,"showFog":true,"showSkybox":false,"showFlares":true,"showImageEffects":true,"showParticleSystems":true,"showVisualEffectGraphs":true,"m_FxEnabled":true},"in2DMode":false,"pivot":{"x":-5.814702033996582,"y":1.6637845039367676,"z":9.7208251953125},"rotation":{"x":0.0003667295095510781,"y":0.9938082695007324,"z":-0.11107945442199707,"w":0.0032806103117763998},"size":14.655539512634278,"orthographic":false}